mean_x,std_x,mean_y,std_y,mean_z,std_z,Activity
-5.1927556111044995,2.0359021573978238,-5.940105284132,2.7335893242307563,-2.6302595347345,6.502931675294196,hand_wash
-2.6706407729287003,1.7532830913201076,-6.870250646234,2.728815768172965,-2.7431284448355,5.307032425904947,hand_wash
-5.3746016613775,2.0771466944054984,-4.46035145870565,3.545546199646829,-4.1201652793535,6.873710680946756,hand_wash
-4.5207472581705,2.0041521313067676,-5.894977132087,2.8464733013468266,-0.7568159853696498,6.695077483600831,hand_wash
-4.0353330795123,2.267419572957764,-6.0649786181086,3.188491332692809,-0.81586519278785,6.595798442225262,hand_wash
-4.132575064231499,2.773961926953615,-7.0302577028425,3.888118958500286,-1.6726493099630002,5.518316780469018,hand_wash
-4.3483561433715,0.9561358775513473,-6.595025171563,1.492839105990801,-4.0397836297665,3.0451368790581617,hand_wash
-1.9303073050235002,2.1289377190607253,-7.807053541592,2.691418855113942,-2.3621269278243497,4.202225850472672,hand_wash
-4.5196305819745,2.416249695459276,-6.0895515093,3.264399074509271,-3.06888282503735,7.485961169839182,hand_wash
-2.1534279242345002,2.6593544107108484,-5.7814436298050005,2.5523568355152984,-3.7100445297986,5.460632566892766,hand_wash
-3.547409524442,1.335617648195366,-6.8459316094955,2.9930135715960384,-1.210114746159,4.98588986825723,hand_wash
-3.2288114501604994,1.5810706387671138,-7.0413879595674995,2.4240552198149965,-2.3081629518638502,4.769177200182922,hand_wash
-3.5767586910149998,1.1502868824352825,-5.965245810815,1.6939321981059605,-4.967275897153501,3.5968831884752883,hand_wash
-4.891722013551,1.6660655015538894,-6.2915708055045005,2.954152214205751,-1.4650364399765,6.466435179556328,hand_wash
-2.4871427625432503,2.3084710026835045,-6.3099112725580495,5.803994545335846,2.8993304127439,6.867378549466778,hand_wash
-2.8505977525608,1.451834788035017,-7.2314890392173,3.046625065347682,-1.40419336704235,4.664257174565705,hand_wash
-4.288911764345099,1.4547883558595678,-6.50898769701075,2.861721057065242,-1.0163337249225,5.3276807403394555,hand_wash
-2.5627529262271502,2.3114618053013305,-4.552605213349399,6.68513815701929,4.268186472980649,6.426519359829478,hand_wash
-2.8281157027079997,1.50358929233495,-7.340723474640001,3.0341635934074365,-1.7054455019785,4.54215434325176,hand_wash
-3.7345012644055497,2.1963038545750617,-7.2392770555995,3.3932610167946486,-0.7489740942154999,6.051463932408048,hand_wash
-2.6849103042144997,2.329356684956981,-7.309443327977,3.546464468479221,-1.3918835712810498,7.044403290392414,hand_wash
-3.3478271592808495,1.7733666654786808,-7.51852375485,3.6386588763874697,-0.29620642866475005,5.773166654154071,hand_wash
-2.9083135300784,3.2554655335791427,-5.574101402509001,3.6753174411218894,-4.5075399195465,4.799403350511299,hand_wash
-4.9807496768662505,2.247419532188075,-6.523566781294,3.633392726838114,-1.524872416145,6.668162433477498,hand_wash
-2.7758162590138498,2.46375539552691,-6.894008631289,3.3509018596708335,1.5338848736644999,5.863789788086137,hand_wash
-2.5661305040435,0.7929612989057269,-7.636762276515,1.0161229240149174,-4.263197038081,1.732999062408136,hand_wash
-3.672561867461,1.8636830050990034,-6.8490008189976495,3.9118126653637084,2.0487535907889995,4.650392570190984,hand_wash
-3.37721344380165,1.992823886094961,-7.051897896313,2.2913227811057637,-1.2923800811410002,5.036918772712614,hand_wash
-3.0185437073962493,2.2662409332798688,-6.7985754964086,4.044744407332467,1.3251667026575,6.271114895649516,hand_wash
-3.419951969163,1.2650601738093148,-7.01881609183,1.7687503886709162,-3.00078523001085,4.143687094904786,hand_wash
-4.9326576834466,1.9349081522037876,-6.4746173803985005,3.3864670105583228,-0.7404430378360001,6.632180794056118,hand_wash
-3.7394852979935,2.029556532916137,-7.1552166602771505,4.036358786312014,-0.2136872423261501,6.64555682030768,hand_wash
-4.946338039856999,1.9159204184664194,-6.18886279237225,4.0529229541693645,0.7115399452941499,5.034057624058682,hand_wash
-3.88599403608855,2.276888276471464,-6.68548924699675,4.916701926323883,2.1441322492253003,5.462615501199925,hand_wash
-4.749790754744851,1.9490591946595923,-6.933471969874,3.1144038720627045,-1.8361686672580002,6.125972633434672,hand_wash
-4.455644641105,3.18886051389048,-6.340738167968,6.334830945813507,-3.6775973911595,6.695609636911774,hand_wash
-5.09701230438,1.9239764238478003,-6.2356291498545,2.8117364424458087,-2.6104617166917494,5.962037790896292,hand_wash
-3.57530192086,1.3981948388493448,-6.49000417242,1.7400798493736305,-4.7022879461555,3.094958183743408,hand_wash
-3.676162778041,1.643338742402379,-7.2014237694786,3.319956023780105,0.7820427373896,5.738493161911041,hand_wash
-5.23259914872,2.0195366839086524,-4.26444664072665,3.105303734146236,-4.168292585141,7.304665761554382,hand_wash
-4.5869869113696,2.4205352537797613,-4.543981341067799,4.22689116003361,-3.77010621679945,6.971113451642153,hand_wash
-3.9983617655468007,1.8204309984465707,-6.7042512326615,3.129159024372963,0.43459067263055007,6.886312572912881,hand_wash
-5.21313722057,1.496701369705677,-6.050361206440001,2.0357533740216054,-3.0994869813802497,4.9052777000317045,hand_wash
-2.55164722356,0.7433673037453163,-7.673582102315001,0.9245072025567604,-4.28008911051,1.386145251478467,hand_wash
-4.770419062655,2.0570883155338686,-6.122013612169801,2.7944961149348764,-1.8443596297893001,7.10823903150434,hand_wash
-1.6865410199066,1.5603235096856087,-7.919057236665,1.5245424807870092,-3.459401540651,3.1118509028571624,hand_wash
-3.1005647429185,2.383274650763643,-7.069261802018,2.277764381236936,-2.9222962511779498,4.266152151158373,hand_wash
-4.325111881202351,1.937585156261481,-6.0104260541525,2.945689646630972,-1.45423430348915,6.448764356378305,hand_wash
-3.252014997231,1.3209188561208831,-7.6633302245634995,2.1412365698191063,-2.50066144464415,3.810776323957246,hand_wash
-2.1824693292436,1.944141722654015,-7.455846690068499,2.3650358929362536,-1.9672822171771502,5.141769122891586,hand_wash
-5.2471387169499994,1.359949151875939,-4.985388230773,2.7514695337509294,-2.0835640029176496,5.536677120240629,hand_wash
-4.886354780806,3.02295842898685,-5.986883008705999,4.822456328351604,-1.9529629929620498,7.9747927808049495,hand_wash
-5.3851409413191,2.025366106543683,-5.740909719866649,3.7916553083735134,-1.4878681608039999,6.217257255600316,hand_wash
1.0605876954225,1.1915574641842226,-6.19557243535325,3.3333709463726464,0.5854134338313998,6.195697704379677,not_hand_wash
-0.59999250855865,2.188022603732131,-4.029428761529,0.8806033544578665,8.60449745878,1.9915754406366397,not_hand_wash
-3.75544750812365,4.519460570605552,-4.045148468369,2.098507550330621,3.5822444871383503,5.598103166720111,not_hand_wash
-0.49394523455624995,1.7541056172447622,-2.8347594849299997,1.9418913458980809,9.258632981849999,0.9302886743975534,not_hand_wash
-2.4078891727643503,2.8233500773010696,3.2813144714244995,3.289616985260752,7.9007940162,3.234188479612603,not_hand_wash
-2.0818826992329003,2.9661295318986554,-5.824582707842,4.4958181143874585,3.218319468815,5.044537992491694,not_hand_wash
-0.95151910573,0.4616963172613714,-2.1813113382568,1.297188818348304,9.75288237875,0.305315921466418,not_hand_wash
1.6096195768500001,0.045735321187115645,-2.0456197079,0.047232751934384976,9.70572325625,0.048617321294883796,not_hand_wash
0.957773101395,0.045421920468740905,-3.30178710085,0.04922081907470703,9.38085619775,0.048751144843685694,not_hand_wash
-5.340491189666199,6.341967522182421,-2.48606081133695,2.845859829613816,4.1179804280002,4.087024143376333,not_hand_wash
-7.644611345667499,3.2347737932294223,-2.9596531621330002,3.5193515751191673,0.21249451703925012,3.1026072023573197,not_hand_wash
0.09724078656799998,4.588334987478723,-6.652980460404,2.4664863359156,3.4052717079123997,3.235515211995773,not_hand_wash
3.3248313793,0.5722050602736706,-8.3238095572,0.33263306096218737,2.1094661431026496,1.3273178967916268,not_hand_wash
-8.199983451788201,6.600265069908473,-2.833766154053,2.3715405812627957,2.0359037179745503,2.3361539457613714,not_hand_wash
-1.87091201366135,4.501943488426151,-4.6602948680022,3.442048355706181,5.23916449479315,4.310416738281641,not_hand_wash
2.2906074568,0.12966161103424087,-3.2520736757,0.22765702989821893,9.12091633625,0.13286940859250604,not_hand_wash
3.5595762228000005,0.28429093856140114,-8.364803917500002,0.2284919463462474,1.72486911622765,0.8881966348585052,not_hand_wash
1.2817054779377,1.5407581118680207,-6.13311871475325,3.4365187710749483,3.2129749881664997,5.614463834992086,not_hand_wash
-0.36848333617715,2.702255339958591,-5.5085652948028505,3.2621226843416036,5.7799227881035,4.095328780693891,not_hand_wash
1.6510438359500001,0.06441198679536864,-2.0077394824500003,0.06325130153610925,9.706959082000001,0.05125279685947173,not_hand_wash
-0.43514810421675004,1.1544172717683996,-2.253346341565,1.1776428525769285,9.716734347300001,0.5837232199922162,not_hand_wash
3.0450014874,0.2599454703663316,-8.528456791750001,0.249292709522271,2.04757704154505,0.6876741197989505,not_hand_wash
1.16125695340525,1.4602944580003911,-2.70885450651,0.9129480642061587,9.4234540079,0.5280502583178941,not_hand_wash
1.6175776271500002,0.045792968442723146,-2.0380185131,0.04865594563296956,9.70561069225,0.048608812935345524,not_hand_wash
2.68495161791,2.371930615221101,-2.2404952678057497,1.0451454358298549,8.599319423276,2.6021230255591496,not_hand_wash
0.24996100156869988,2.905719740487366,-6.8931338563635,3.04716121689774,2.5237751816873497,5.017886082127475,not_hand_wash
-0.45919409815929996,2.8567216719118607,-7.0456265388079995,2.572411557639332,4.966877737824699,3.543053476596119,not_hand_wash
-0.655170765391,0.6038047588982701,-2.827709148655,1.116616776992204,9.5817408667,0.5154426972069693,not_hand_wash
1.12335576838515,2.5575463801216185,-6.753467090783,2.3334634549406026,0.4842933195238493,6.176128634791449,not_hand_wash
-2.0781883839274995,0.8831108834106629,-4.1992092979499995,0.5833294978789388,8.809754828199999,0.49751253870680945,not_hand_wash
1.6068048321000001,0.04523254152123733,-2.0505187228499997,0.04774242228339533,9.70471614425,0.048935123769479894,not_hand_wash
2.1444849182399497,3.361658389866231,-7.749837144550001,1.5400136424902562,-1.2788069068749,3.0512349456620416,not_hand_wash
-0.7464401727155,2.01789259601627,-6.901484679475,2.315267544518119,4.007911901081499,4.730910410872002,not_hand_wash
-1.0661471361591002,3.447067880743091,1.5854795795499999,4.521795565172891,6.80931954587565,4.734452025540745,not_hand_wash
3.7645551722,0.9506028536262655,-7.988865465200001,0.4928889778764914,2.66330003986985,1.1540870710717224,not_hand_wash
-3.7344856903161503,6.565612525097964,-3.48942250307585,4.7282116955712254,2.2466552563557,4.290573823808659,not_hand_wash
-0.49536667956300007,0.23933318811009405,-3.217397984155,0.4605261899080801,9.49659372075,0.1739986721019191,not_hand_wash
0.955374489065,0.04978407581991616,-3.2597245653,0.0644152026827879,9.400915683250002,0.050370148668715926,not_hand_wash
-0.243359132182,0.042297362983960696,-4.26319523545,0.04602882347853883,8.9884747715,0.05053178655413379,not_hand_wash
2.3143097746169,3.660972509958515,-3.490800840095,5.437895055778863,3.9636351734585507,4.29635732708854,not_hand_wash
0.95859698835,0.046540674843571876,-3.2831873763500004,0.05150159358153489,9.38942377675,0.04845067484430723,not_hand_wash
-2.5305818282500003,0.7476112111006974,-4.009818336885,0.5576136948265838,8.80826272585,0.41955368405242266,not_hand_wash
-6.065961162670001,4.678718962672012,-3.9746798132105,2.7425355128139395,-2.11579617742135,4.758847667702066,not_hand_wash
1.6034697677499998,0.045590150673041924,-2.05349872675,0.0476558717632221,9.703013286000001,0.04814147361364941,not_hand_wash
0.9431065993062501,0.5211727431480986,-2.2918139476299997,1.4588785210104145,9.600517816650001,0.6182194814584676,not_hand_wash
-1.5599588533042,4.13858218266538,-5.7670747103248505,2.9447914586725257,3.4895488531555996,5.353085540823379,not_hand_wash
2.561718874007,3.491776894284998,-3.5089784472514003,2.120906433865103,7.6065652878122,2.2559762387577926,not_hand_wash
-2.2293284868499996,0.04852216255214748,-4.0651241291,0.04718791553818205,8.89597792025,0.05299964591914759,not_hand_wash
0.95901851184,0.046681086143344916,-3.2922411511500003,0.053145654060445795,9.386263544,0.049791314814358584,not_hand_wash
-0.8002215324327,3.7760736615000234,-5.42006810790455,3.6920234257528017,5.6544147795611,3.921855665516488,not_hand_wash
-0.8853052005430003,3.2783369744623587,-3.9588217852650005,1.1959776872562888,8.43740474435,0.8851592549937938,not_hand_wash
-3.2598664664579995,3.6566334775919733,-1.6143718965762501,2.125420941800696,7.9119338679935,3.805899908808311,not_hand_wash
1.58963014615,0.04702758600863811,-2.0670790869499998,0.050218641139382146,9.70272348525,0.04855757583161362,not_hand_wash
